batch_index,night_id,frame_index,filename,mjd,phase,mag,mag_err,mag_night_zero_removed,model_mag,residual
0,night1,0,night1_00.fits,60100.00034722222,0.0,14.000867092259515,0.00028301746976760274,0.0004902143349987398,14.000435287259124,0.0004318050003906393
0,night1,1,night1_01.fits,60100.03784722222,0.062499999997574676,14.13396126353372,0.00029016848039274467,0.13358438560920405,14.13427367063558,-0.00031240710185898024
0,night1,2,night1_02.fits,60100.07534722222,0.12499999999514935,14.24756706379698,0.00029776645260735826,0.24719018587246389,14.247727481100789,-0.00016041730380855768
0,night1,3,night1_03.fits,60100.112847222226,0.18750000000485062,14.323358180311729,0.0003219139450775242,0.32298130238721257,14.323524404484289,-0.00016622417255973687
0,night1,4,night1_04.fits,60100.150347222225,0.2500000000024253,14.350646695480043,0.00029676005528881375,0.35026981755552633,14.350125046273613,0.0005216492064299416
0,night1,5,night1_05.fits,60100.18784722222,0.3125,14.323499462731686,0.00029972917093215747,0.3231225848071695,14.323479699910912,1.976282077364999e-05
0,night1,6,night1_06.fits,60100.22534722222,0.37499999999757466,14.247751896276707,0.0002797790220478228,0.24737501835219078,14.24764487783892,0.00010701843778626596
0,night1,7,night1_07.fits,60100.26284722222,0.4374999999951493,14.133759895942937,0.00026503490758048807,0.13338301801842078,14.134165744272849,-0.00040584832991186204
1,night2,0,night2_00.fits,60101.050347222226,0.7500000000048506,13.850419739883787,0.0002991459849217402,-0.3497078443094459,13.850379415844136,4.032403965048559e-05
1,night2,1,night2_01.fits,60101.087847222225,0.8125000000024252,13.877031204386453,0.0003047552753249961,-0.3230963798067794,13.87702476220888,6.442177573617869e-06
1,night2,2,night2_02.fits,60101.12534722222,0.8749999999999998,13.953161504890112,0.00029545100787232997,-0.24696607930312098,13.952859584282596,0.000301920607515882
1,night2,3,night2_03.fits,60101.16284722222,0.9374999999975746,14.065919053707365,0.0003236813788208729,-0.13420853048586778,14.066338717849822,-0.000419664142457421
1,night2,4,night2_04.fits,60101.20034722222,0.9999999999951492,14.200381505388261,0.0003135536817492481,0.00025392119502853916,14.20018599351718,0.00019551187108035606
1,night2,5,night2_05.fits,60101.237847222226,0.06250000000485034,14.334016755438757,0.0003247650441601584,0.13388917124552435,14.334024376919068,-7.621480310859852e-06
1,night2,6,night2_06.fits,60101.275347222225,0.12500000000242517,14.447104818667329,0.0003296168732467319,0.24697723447409636,14.447478187380808,-0.00037336871347903866
1,night2,7,night2_07.fits,60101.31284722222,0.1875,14.523446705625188,0.0003330458088213791,0.32331912143195574,14.523275110748925,0.00017159487626372538
2,night3,0,night3_00.fits,60102.10034722222,0.4999999999975744,13.850366064709618,0.00028130043653520464,0.0002934333073518758,13.85001422207299,0.0003518426366291294
2,night3,1,night3_01.fits,60102.13784722222,0.5624999999951492,13.715811146410562,0.00027771262023023853,-0.1342614849917041,13.716175838696127,-0.0003646922855651269
2,night3,2,night3_02.fits,60102.175347222226,0.6250000000048503,13.602938795268972,0.00027664632834912856,-0.24713383613329398,13.602722028210923,0.00021676705804907215
2,night3,3,night3_03.fits,60102.212847222225,0.6875000000024252,13.52712461629679,0.00031097628612068896,-0.3229480151054762,13.526925104844533,0.00019951145225682865
2,night3,4,night3_04.fits,60102.25034722222,0.7499999999999996,13.499989116567852,0.0002681502379830621,-0.3500835148344148,13.500324463053168,-0.00033534648531663436
2,night3,5,night3_05.fits,60102.28784722222,0.8124999999975744,13.526913620498183,0.0002693389415989898,-0.3231590109040834,13.526969809413831,-5.618891564829198e-05
2,night3,6,night3_06.fits,60102.32534722222,0.8749999999951492,13.603077252679885,0.00027040822717435954,-0.24699537872238153,13.60280463148409,0.0002726211957941871
2,night3,7,night3_07.fits,60102.362847222226,0.9375000000048503,13.716035535103309,0.00029240737340840555,-0.13403709629895744,13.716283765073628,-0.0002482299703192581
