night_id,batch_index,frame_index,filename,mjd,mag,mag_err,phase,detrended_mag,model_mag,residual
night1,0,0,night1_00.fits,60110.54201388889,14.083678359861615,0.00030764621619642287,0.0,0.07339180823544567,14.067931603416152,0.01574675644546275
night1,0,1,night1_01.fits,60110.58368055556,14.23694789345605,0.0003036932702127338,0.06810606061388913,0.22666134182987996,14.222668242006362,0.014279651449687236
night1,0,2,night1_02.fits,60110.62534722222,14.348414520523447,0.00030676662437728445,0.13621212121588538,0.33812796889727714,14.339103809103703,0.009310711419743711
night1,0,3,night1_03.fits,60110.66701388889,14.399002474495301,0.00033289803094296605,0.20431818181788164,0.3887159228691317,14.39624022826263,0.0027622462326704067
night1,0,4,night1_04.fits,60110.70868055556,14.378454973064011,0.0003421728879204459,0.27242424243177077,0.3681684214378418,14.38377347529323,-0.005318502229219035
night1,0,5,night1_05.fits,60110.75034722222,14.292378922131824,0.000359951039111568,0.340530303033767,0.28209237050565505,14.303951813670862,-0.0115728915390374
night1,0,6,night1_06.fits,60110.79201388889,14.154624356161396,0.00035435854575290666,0.4086363636357633,0.14433780453522616,14.171170341021691,-0.01654598486029535
night1,0,7,night1_07.fits,60110.83368055556,13.990551325777481,0.00032468989455911165,0.4767424242496524,-0.01973522584868803,14.009374966514024,-0.018823640736542302
night2,1,0,night2_00.fits,60111.54201388889,13.684470824064526,0.0016368918798118927,0.6345454545430531,-0.28231541563686235,13.640176996173455,0.04429382789107095
night2,1,1,night2_01.fits,60111.58368055556,13.613192008168664,0.0017587362978189335,0.7026515151569424,-0.35359423153272473,13.581417329257306,0.03177467891135777
night2,1,2,night2_02.fits,60111.62534722222,13.61012026149447,0.0017109476175361882,0.7707575757589384,-0.3566659782069177,13.592155377308487,0.017964884185984076
night2,1,3,night2_03.fits,60111.66701388889,13.673833791492081,0.00023363522389729696,0.8388636363609348,-0.29295244820930755,13.670454632766338,0.0033791587257425704
night2,1,4,night2_04.fits,60111.70868055556,13.797049289992671,0.00025797043399526746,0.906969696974824,-0.16973694970871733,13.802194549891254,-0.0051452598985832765
night2,1,5,night2_05.fits,60111.75034722222,13.9563621698284,0.0002937679287300764,0.9750757575768201,-0.010424069872987829,13.963617054335767,-0.007254884507366555
night2,1,6,night2_06.fits,60111.79201388889,14.123045457923663,0.0003230132775784964,0.04318181817881639,0.1562592182222744,14.125611092018168,-0.002565634094505498
night2,1,7,night2_07.fits,60111.83368055556,14.268787499937055,0.00032835710078765387,0.11128787879270563,0.30200126023566654,14.258962538129362,0.0098249618076931
night3,2,0,night3_00.fits,60112.54201388889,14.39918277651247,0.0003046116249501961,0.2690909090861062,0.3357476392967431,14.4391688558384,-0.03998607932592968
night3,2,1,night3_01.fits,60112.58368055556,14.355138346336464,0.0002773770554727383,0.33719696969999546,0.2917032091207368,14.362400592922162,-0.007262246585698406
night3,2,2,night3_02.fits,60112.62534722222,14.247631025019405,0.0002593226605994146,0.40530303030199155,0.18419588780367846,14.231716678133294,0.015914346886111375
night3,2,3,night3_03.fits,60112.66701388889,14.09682502383685,0.000249378966742151,0.47340909090398764,0.033389886621122855,14.070684745522225,0.02614027831462451
night3,2,4,night3_04.fits,60112.70868055556,13.929414013344633,0.0002527943450409628,0.5415151515178769,-0.13402112387109355,13.908345413148915,0.021068600195718545
night3,2,5,night3_05.fits,60112.75034722222,13.774323857921832,0.0002588895356242031,0.6096212121198734,-0.2891112792938948,13.773975076598058,0.0003487813237743609
night3,2,6,night3_06.fits,60112.79201388889,13.659029520621711,0.0002733268854101923,0.6777272727218695,-0.4044056165940155,13.691806181931687,-0.03277666130997581
night3,2,7,night3_07.fits,60112.83368055556,13.605885566886899,0.0015952940477092538,0.7458333333357587,-0.4575495703288279,13.676657128522464,-0.0707715616355653
